{"val_loss":1.2529907056263514,"_step":49,"_timestamp":1.7733645644778821e+09,"train_loss":0.8148554960886637,"_wandb":{"runtime":417},"lr":0,"epoch":50,"_runtime":417,"val_acc":0.6169154228855721,"val_sim":0.6152070675577436,"train_acc":0.8515625}