{"_runtime":52,"epoch":2,"train_acc":0.7278225806451613,"val_acc":0.844,"_timestamp":1.773801333709806e+09,"_step":1,"_wandb":{"runtime":52}}