{"_wandb":{"runtime":368},"lr":0.0002499999999999999,"_timestamp":1.7733046156384692e+09,"val_loss":0.8228048597063337,"train_loss":0.791457805633545,"train_acc":0.66625,"val_acc":0.6069651741293532,"epoch":25,"_runtime":368,"_step":24,"val_sim":0.598199691091265}