{"_timestamp":1.773620446743424e+09,"val_acc":0.6616915422885572,"_runtime":338,"lr":0,"val_sim":0.6145914196968079,"_step":49,"train_loss":0.9622297634681066,"val_loss":1.200165067400251,"epoch":50,"_wandb":{"runtime":338},"train_acc":0.7395833333333334}