{"val_acc":0.967,"_timestamp":1.773802765079904e+09,"_runtime":1383,"_wandb":{"runtime":1383},"_step":49,"epoch":50,"train_acc":0.9596774193548387}