{"_runtime":813,"train_loss":0.9253800582885742,"lr":0,"val_loss":1.2923611572810583,"_wandb":{"runtime":813},"_step":49,"train_acc":0.79875,"val_acc":0.6666666666666666,"_timestamp":1.773305447777007e+09,"val_sim":0.6115276983806065,"epoch":50}