{"_runtime":456,"_wandb":{"runtime":456},"val_acc":0.87,"lr":0,"_step":49,"val_loss":0.8781864600522178,"epoch":50,"train_loss":0.44820666313171387,"train_acc":0.9791666666666666,"val_sim":0.6152076210294452,"_timestamp":1.7738033673852942e+09}