{"_runtime":293,"_step":49,"_wandb":{"runtime":293},"train_acc":0.9791666666666666,"val_acc":0.85,"train_loss":0.44315358499685925,"lr":0,"epoch":50,"val_loss":0.8661603161266872,"val_sim":0.6151752471923828,"_timestamp":1.773894052542183e+09}