{"val_acc":0.5572139303482587,"val_sim":0.6150451898574829,"_wandb":{"runtime":506},"train_acc":0.6848958333333334,"lr":0,"_timestamp":1.7737954690844631e+09,"_step":49,"train_loss":1.1274501979351044,"val_loss":1.4576735837118966,"epoch":50,"_runtime":506}