{"train_loss":0.3279494047164917,"train_acc":0.85125,"_timestamp":1.773301955043968e+09,"val_loss":0.618083621774401,"val_acc":0.6865671641791045,"_step":49,"val_sim":0.8469530514308384,"lr":0,"_wandb":{"runtime":444},"_runtime":444,"epoch":50}