{"epoch":100,"mae_loss":0.006767579074949026,"_timestamp":1.7738934519736671e+09,"_step":99,"_wandb":{"runtime":583},"_runtime":583}