{"val_cls_loss":1.0024685538732088,"val_acc":0.5870646766169154,"_runtime":684,"train_acc":0.7125,"ground_truth":{"_type":"image-file","sha256":"1f7da824ad80091ea104edeb379e0adcd66afbb2d71f31e065fa26153a3a9bf9","size":32042,"path":"media/images/ground_truth_27_1f7da824ad80091ea104.png","format":"png","width":224,"height":224},"train_cls_loss":0.716019948720932,"_timestamp":1.773794313012662e+09,"train_recon_loss":0.06701661318540574,"_wandb":{"runtime":684},"_step":27,"generated_image":{"_type":"image-file","sha256":"10387026393001e0998f18ca7f0c6c2d5bfc3f1a3865e851bbc253d3bb22a05c","size":64798,"path":"media/images/generated_image_27_10387026393001e0998f.png","format":"png","width":224,"height":224},"val_recon_loss":0.06501243234826969,"epoch":28}