{"epoch":10,"train_acc":0.6582661290322581,"val_acc":0.6543456543456544,"_wandb":{"runtime":317},"_runtime":317,"_timestamp":1.7737974531412191e+09,"_step":9}