{"val_sim":0.613502425806863,"_timestamp":1.773306562037312e+09,"lr":3.0923329989034086e-05,"train_acc":0.65875,"_runtime":716,"_step":41,"val_acc":0.6368159203980099,"_wandb":{"runtime":716},"epoch":42,"val_loss":1.2677798100880213,"train_loss":1.1842702913284302}