{"val_acc":0.963,"_timestamp":1.7737994732454998e+09,"_step":49,"epoch":50,"train_acc":0.9546370967741935,"_runtime":1461,"_wandb":{"runtime":1461}}