{"train_loss":0.44285800218582155,"_timestamp":1.773307102513867e+09,"lr":0,"train_acc":0.99125,"epoch":50,"val_sim":0.6165119750159127,"_runtime":516,"val_acc":0.7412935323383084,"val_loss":1.6946649721690588,"_wandb":{"runtime":516},"_step":49}