{"train_loss_jepa":0.38762899736563367,"train_loss":0.5193197280168533,"lr":0,"val_sim":0.6120783090591431,"val_acc_Cod":90.82568807339449,"val_loss":0.552029183932713,"train_acc":0.8098958333333334,"_wandb":{"runtime":4230},"_timestamp":1.774349853671874e+09,"val_acc_Empty":0,"val_loss_cls":0.16410745361021586,"_runtime":4230,"_step":79,"val_acc_Kingfish":43.47826086956522,"train_loss_cls":0.13169073996444544,"val_loss_jepa":0.38792172925812857,"epoch":80,"val_acc":0.8349514563106796,"val_acc_Snapper":85.13513513513513}