{"train_acc":0.9713541666666666,"train_loss":0.5003986035784086,"val_loss":2.1624229976109097,"val_sim":0.6152407612119403,"val_acc":0.5472636815920398,"epoch":50,"_runtime":412,"_step":49,"_timestamp":1.773794771149654e+09,"_wandb":{"runtime":412},"lr":0}